instrument,file,rms,attack_time_s,hnr_proxy_db,tempo_est_bpm,onset_rate_s,centroid_mean,centroid_std,centroid_median,bandwidth_mean,bandwidth_std,bandwidth_median,rolloff_mean,rolloff_std,rolloff_median,flatness_mean,flatness_std,flatness_median,flux_mean,flux_std,flux_median,zcr_mean,zcr_std,zcr_median,contrast_mean,contrast_std,contrast_median,mfcc1_mean,mfcc1_std,mfcc2_mean,mfcc2_std,mfcc3_mean,mfcc3_std,mfcc4_mean,mfcc4_std,mfcc5_mean,mfcc5_std,mfcc6_mean,mfcc6_std,mfcc7_mean,mfcc7_std,mfcc8_mean,mfcc8_std,mfcc9_mean,mfcc9_std,mfcc10_mean,mfcc10_std,mfcc11_mean,mfcc11_std,mfcc12_mean,mfcc12_std,mfcc13_mean,mfcc13_std,chroma0_mean,chroma1_mean,chroma2_mean,chroma3_mean,chroma4_mean,chroma5_mean,chroma6_mean,chroma7_mean,chroma8_mean,chroma9_mean,chroma10_mean,chroma11_mean
bass,Track10_Bass.wav,0.10000000149011612,0.027573696145124716,,60.09265988372093,2.9999999994,128.83359640316715,44.02655467436239,123.67658444590165,350.1419087701413,159.53563451055996,307.29684329424435,169.27490234375,49.30249612864985,161.4990234375,2.377928240093752e-06,2.707383464439772e-05,2.0421927615643654e-07,0.20565107464790344,0.38955727219581604,0.05538720637559891,0.006447120949074074,0.0013670248255905858,0.00634765625,21.24189775143832,7.775002659418557,19.560527869627258,-563.2368774414062,25.98615264892578,96.34674835205078,26.07735824584961,70.28203582763672,11.08694839477539,46.585140228271484,9.149846076965332,31.38807487487793,6.623292922973633,21.777647018432617,5.575784206390381,14.36212158203125,5.547584533691406,8.875909805297852,5.781639099121094,6.286035537719727,5.050423622131348,6.2854695320129395,3.339364528656006,7.125761985778809,3.1064419746398926,7.637011528015137,3.2234034538269043,7.472655296325684,4.0152907371521,0.4539175033569336,0.5700749158859253,0.7110068202018738,0.71242755651474,0.6101400852203369,0.5538440346717834,0.526439905166626,0.47311970591545105,0.36990973353385925,0.32820799946784973,0.34013426303863525,0.38664430379867554
bass,Track11_Bass.wav,0.10000000149011612,0.026485260770975058,,80.74951171875,2.7999999994399998,148.4497331954528,67.31325820634677,133.0042471839253,322.07075765300556,175.9586162174461,254.78899575227754,187.86722819010416,92.74357726199688,150.732421875,5.165245511307148e-06,6.542192568304017e-05,3.440670326426698e-08,0.2230048030614853,0.4871135950088501,0.0497058629989624,0.007862232349537037,0.001729452054494663,0.00732421875,23.064724023601855,7.543448238571482,22.60477650463254,-553.2244873046875,26.84783172607422,104.85499572753906,22.07669448852539,68.81028747558594,9.819558143615723,40.5518798828125,11.299960136413574,25.688282012939453,8.036009788513184,17.73946189880371,6.02936315536499,12.236342430114746,5.466035842895508,7.722448348999023,4.988397598266602,5.170792102813721,5.137320518493652,5.984766006469727,4.592807769775391,8.450529098510742,3.391573667526245,10.048192977905273,2.9738070964813232,10.205254554748535,3.160313129425049,0.22165228426456451,0.3428681790828705,0.5878931879997253,0.6996111273765564,0.5905959010124207,0.5107434391975403,0.361813485622406,0.28449657559394836,0.22157928347587585,0.19253453612327576,0.1611584573984146,0.18237951397895813
bass,Track12_Bass.wav,0.10000000149011612,0.5155555555555555,,80.74951171875,3.7999999992399998,147.2219500243364,86.90962194064004,132.05970694619478,359.61461561706943,187.3672953183518,317.2132690474898,164.53959147135416,165.4220146881662,145.34912109375,1.686160612734966e-05,0.00022396691201720387,1.1324945603519154e-07,0.2812308669090271,0.4908643662929535,0.07759633660316467,0.00722023292824074,0.0013978314086558565,0.00732421875,21.759163333641606,7.524096282045381,19.771011052668726,-553.43798828125,27.771493911743164,102.10728454589844,22.511396408081055,63.492008209228516,9.406754493713379,37.302127838134766,10.463499069213867,25.96271514892578,4.888125896453857,20.02164649963379,5.046152591705322,15.082926750183105,5.037998199462891,10.944969177246094,4.4245991706848145,8.823190689086914,3.4182639122009277,7.745902061462402,3.015108585357666,6.585028171539307,3.510451078414917,6.264450550079346,2.979424238204956,6.703466415405273,2.6051816940307617,0.4218076467514038,0.40912893414497375,0.449110746383667,0.4888262450695038,0.5065274238586426,0.561980664730072,0.46260082721710205,0.3584747314453125,0.2661358416080475,0.21503154933452606,0.260837584733963,0.35825252532958984
bass,Track13_Bass.wav,0.10000000149011612,0.5493877551020409,,60.09265988372093,4.19999999916,148.8854254020581,86.17632578726896,126.88769786244285,368.94693954390146,193.0676620739602,331.73980191465864,184.82666015625,165.3282737417609,150.732421875,8.451504072581884e-06,9.851157665252686e-05,1.4198852227309544e-07,0.27075740694999695,0.471990704536438,0.06653543561697006,0.0078125,0.0018130322061096946,0.0078125,20.98218427065745,7.709718631350653,18.720704200906553,-562.476806640625,27.87381362915039,93.52330780029297,23.842578887939453,64.02651977539062,11.20783519744873,43.63192367553711,11.519265174865723,31.296817779541016,8.685802459716797,20.911970138549805,7.871704578399658,13.711600303649902,8.015159606933594,9.921448707580566,5.498960018157959,8.115203857421875,4.036561012268066,7.606640815734863,2.992546558380127,6.797101974487305,3.0686538219451904,5.504666328430176,3.2462918758392334,4.971200466156006,2.794443130493164,0.38079413771629333,0.35656991600990295,0.35957929491996765,0.3730583190917969,0.4004739224910736,0.4598773717880249,0.5054281949996948,0.604287326335907,0.5738945603370667,0.4880690276622772,0.40501344203948975,0.39051178097724915
bass,Track14_Bass.wav,0.09999999403953552,0.029342403628117915,,60.09265988372093,4.39999999912,154.02367248024942,62.99490592251551,137.0622067461841,386.86445101955167,231.7963510395511,290.9087754734068,178.79536946614584,52.242117271932656,161.4990234375,3.370226750121219e-06,2.1972833565087058e-05,1.1273505151621066e-07,0.2762399911880493,0.48094528913497925,0.0771259218454361,0.007080078125,0.0012519510372411378,0.0068359375,22.06154972431707,7.875041383398103,20.079295268771034,-548.6167602539062,25.143991470336914,108.39923095703125,19.508033752441406,68.97299194335938,11.177656173706055,40.97727966308594,11.34458065032959,25.95271873474121,7.9855732917785645,17.34899139404297,5.556727886199951,12.568351745605469,4.70522403717041,8.358059883117676,3.4002866744995117,5.536108016967773,4.58021879196167,6.299639701843262,3.6419084072113037,7.83868408203125,3.5417051315307617,8.333614349365234,3.8305130004882812,8.993111610412598,3.3429222106933594,0.5158969163894653,0.5932909846305847,0.7322338223457336,0.7492683529853821,0.5808299779891968,0.46706244349479675,0.3876132369041443,0.36301571130752563,0.3404370844364166,0.2673685550689697,0.26598602533340454,0.38854020833969116
bass,Track1_Bass.wav,0.10000000149011612,0.014603174603174604,,117.45383522727273,3.19999999936,210.81103050327056,72.34477673774188,189.562105396121,441.8215775904814,176.35780258984232,397.3870177809317,285.0657145182292,141.2556352797909,236.865234375,3.5862117329088505e-06,1.8824272046913393e-05,4.2639084085749346e-07,0.3163873553276062,0.6299447417259216,0.07120737433433533,0.009969075520833334,0.002796784910759488,0.009765625,24.17582946167269,8.274305180626154,23.61515358296994,-536.30224609375,28.349828720092773,116.57173919677734,19.942501068115234,61.269287109375,11.585025787353516,27.431848526000977,10.673194885253906,17.13301658630371,7.920839786529541,13.20462417602539,5.791850566864014,9.255901336669922,6.262824058532715,5.123025417327881,5.103053569793701,2.1294045448303223,4.033596515655518,2.669987678527832,3.489546298980713,5.548659801483154,4.084155082702637,8.17730712890625,3.715494155883789,9.045656204223633,3.36016583442688,0.2152305692434311,0.1611708253622055,0.17095687985420227,0.20041167736053467,0.2674866020679474,0.3780563473701477,0.3373851776123047,0.348314106464386,0.4890892505645752,0.5905246138572693,0.4888658821582794,0.3619949221611023
bass,Track2_Bass.wav,0.10000000149011612,0.058458049886621316,35.72304153442383,234.90767045454547,3.39999999932,133.35037905738338,87.02706187935583,117.09784032220973,416.1835922169287,202.07655582896712,371.9141145978399,179.34366861979166,188.51042065096337,161.4990234375,1.0675084922695532e-05,0.00013838599261362106,3.010653415458364e-07,0.2444419115781784,0.43057480454444885,0.07004158198833466,0.008574309172453705,0.02491389248717954,0.00537109375,20.449059402088206,7.914101744464882,18.032303416690333,-564.7230834960938,26.895883560180664,92.61552429199219,23.9670352935791,66.97465515136719,10.58934211730957,46.59520721435547,8.824389457702637,33.04124069213867,7.390547752380371,23.170852661132812,6.350799560546875,16.105993270874023,4.87837553024292,10.647039413452148,4.752881050109863,6.5754170417785645,5.344542980194092,4.875492095947266,4.565947532653809,4.738616943359375,3.6630074977874756,5.07961368560791,2.831702470779419,5.621845245361328,2.2937793731689453,0.5713987946510315,0.561698853969574,0.6187251210212708,0.6699984073638916,0.6833396553993225,0.6699531674385071,0.5264503359794617,0.44068312644958496,0.44051024317741394,0.46594372391700745,0.513411283493042,0.5640624165534973
bass,Track3_Bass.wav,0.10000000149011612,0.027482993197278913,,143.5546875,4.19999999916,143.59869455809292,157.8355281176124,107.94131804111963,356.5241958117105,240.6215490500496,315.05463451064406,203.31929524739584,383.71666776182695,139.9658203125,0.00014499688404612243,0.0019681453704833984,1.123002633107717e-07,0.21713612973690033,0.3840024769306183,0.05227549374103546,0.007554796006944444,0.0020339173774630874,0.007080078125,20.064223764160893,7.672332895369799,17.585885947713408,-571.7799682617188,29.236391067504883,83.44744873046875,23.79172706604004,61.502384185791016,11.955798149108887,45.59614562988281,11.174772262573242,34.98920822143555,9.39869499206543,25.363204956054688,9.980481147766113,17.72620391845703,9.95339298248291,12.815954208374023,6.967635631561279,9.779145240783691,5.022868633270264,8.249743461608887,3.713871479034424,7.093167781829834,3.121429443359375,5.689133644104004,3.020174026489258,4.595069408416748,2.312828779220581,0.4717731773853302,0.5047306418418884,0.5887081623077393,0.6257056593894958,0.5536715984344482,0.5150136351585388,0.45579609274864197,0.42810654640197754,0.3953424394130707,0.3350532054901123,0.2972188889980316,0.3766920268535614
bass,Track4_Bass.wav,0.10000000149011612,0.01147392290249433,,80.74951171875,2.9999999994,344.68997151816774,103.261846929192,328.06120015254805,553.7614210883507,125.41929243545806,540.9831151723854,543.2149251302084,193.5099763314904,495.263671875,5.849378794664517e-06,2.056533412542194e-05,1.7317775018454995e-06,0.40859144926071167,0.7887818813323975,0.09834709763526917,0.020372178819444444,0.009476242949761486,0.016845703125,25.428039729552136,8.629890061765096,24.57668657138182,-521.0332641601562,28.66816520690918,123.59346008300781,20.697900772094727,44.575782775878906,7.490718364715576,7.297424793243408,4.959054470062256,8.610213279724121,12.529773712158203,10.61182975769043,9.479207038879395,5.468277454376221,6.238221168518066,1.6930036544799805,4.554976940155029,1.1133027076721191,5.507205009460449,2.3602962493896484,4.588810920715332,4.365767002105713,3.3571276664733887,6.692655563354492,3.9821929931640625,8.037296295166016,4.979496955871582,0.39244750142097473,0.1826329529285431,0.149680495262146,0.2337302416563034,0.29351726174354553,0.22933395206928253,0.2030082643032074,0.13158558309078217,0.16429366171360016,0.267970472574234,0.5691205263137817,0.6306136846542358
bass,Track5_Bass.wav,0.09999999403953552,0.014331065759637189,46.13885498046875,117.45383522727273,2.7999999994399998,262.69573029752286,99.17766792402585,238.4151345365105,484.73855692889424,165.28748382561008,484.3799134097537,398.4639485677083,213.49735919749256,376.8310546875,6.715760264341952e-06,6.397745892172679e-05,1.152861159425811e-06,0.2855478525161743,0.5492299199104309,0.07194268703460693,0.011207863136574073,0.0025318569605628036,0.01123046875,25.42221415213997,8.25804029969814,25.59096371785513,-535.033447265625,24.797664642333984,115.56857299804688,17.95610237121582,54.550262451171875,12.069458961486816,19.703994750976562,13.6255521774292,13.841972351074219,10.190803527832031,12.710315704345703,4.953619003295898,8.423312187194824,4.642392635345459,4.533174514770508,4.540648937225342,1.7945104837417603,4.81793737411499,0.8966861367225647,3.9729299545288086,3.4275903701782227,4.092558860778809,7.621965408325195,3.3160765171051025,8.412711143493652,4.65716552734375,0.4927274286746979,0.2194235771894455,0.09754110127687454,0.07133916765451431,0.10648086667060852,0.1707252711057663,0.3362085819244385,0.4672223627567291,0.3697119951248169,0.3154338300228119,0.3626646101474762,0.47707799077033997
bass,Track6_Bass.wav,0.09999999403953552,0.01147392290249433,,123.046875,3.19999999936,175.11799394324245,74.79893255918938,156.29828910229327,440.1628643828792,187.9886112697705,388.26248369714847,226.64693196614584,120.64689325942174,204.5654296875,6.671632036159281e-06,6.774935172870755e-05,2.9751004149147775e-07,0.3552066385746002,0.718769907951355,0.08208800852298737,0.007303873697916667,0.0021445460671254816,0.0068359375,22.318950478183663,8.125807183936802,20.52991136200967,-536.4454345703125,32.82262420654297,116.78977966308594,20.462352752685547,65.96054077148438,12.38053035736084,33.986209869384766,9.726329803466797,21.797765731811523,5.743630409240723,17.754526138305664,4.6674933433532715,14.37908935546875,3.4325754642486572,8.525749206542969,3.9959399700164795,2.5405476093292236,3.692185163497925,2.4999425411224365,3.174607276916504,5.566013813018799,3.6344704627990723,6.900356769561768,2.8935911655426025,6.115207195281982,3.1347250938415527,0.6406673789024353,0.5324581265449524,0.4404827356338501,0.4076307415962219,0.4171055555343628,0.4452715218067169,0.3399083912372589,0.3021429479122162,0.2687203288078308,0.27276211977005005,0.36331629753112793,0.5221596956253052
bass,Track7_Bass.wav,0.10000000149011612,0.03106575963718821,,234.90767045454547,3.59999999928,145.76081459853592,73.75741264317877,129.93504255869658,355.01791813423574,220.9095235183131,272.39526547783646,179.8919677734375,113.77007345144058,172.265625,5.671022790920688e-06,6.420583667932078e-05,9.89627579883745e-08,0.2101699858903885,0.3646160960197449,0.059423383325338364,0.006740993923611111,0.0011688916570874834,0.0068359375,22.075033872682166,7.498134005367951,20.925895293249297,-556.2241821289062,23.331783294677734,102.34801483154297,20.08348274230957,70.53785705566406,8.38658618927002,43.32170867919922,8.525187492370605,27.24160385131836,5.399871826171875,18.833126068115234,4.635704040527344,13.46299934387207,3.4623913764953613,8.883719444274902,3.3831608295440674,6.00761604309082,4.254861831665039,5.842550754547119,3.1597228050231934,6.780239582061768,3.628765821456909,7.650094509124756,4.132110118865967,8.456244468688965,4.041897296905518,0.5951408743858337,0.5843295454978943,0.6387141346931458,0.619894802570343,0.4472629725933075,0.35887813568115234,0.2814500629901886,0.24490998685359955,0.3024700880050659,0.3532178997993469,0.41922280192375183,0.5286388397216797
bass,Track8_Bass.wav,0.10000000149011612,0.024988662131519273,,60.09265988372093,2.7999999994399998,167.51411076323163,58.30782043286086,155.57179895442187,413.89014309451966,206.77259899269728,342.4899963634491,208.50321451822916,68.13378138887813,193.798828125,2.0432360088307178e-06,4.028745934192557e-06,1.8414436908642529e-07,0.2543734312057495,0.5052518844604492,0.06822468340396881,0.008526837384259259,0.002285828837971884,0.0078125,22.757628040176368,8.06313809576768,21.083479159010395,-552.21923828125,25.888214111328125,104.72553253173828,20.11176300048828,67.8984603881836,10.760865211486816,40.95345687866211,10.64996337890625,25.118249893188477,7.267053604125977,15.623030662536621,5.456073760986328,11.13205623626709,4.920677185058594,7.937057971954346,4.4652910232543945,5.73856782913208,5.26438570022583,6.432869911193848,4.312169551849365,7.826349258422852,3.66963529586792,8.40941047668457,3.7064015865325928,8.524580001831055,3.513456106185913,0.2300807237625122,0.3362670838832855,0.526235818862915,0.6487228870391846,0.6070128679275513,0.5787014365196228,0.5121992826461792,0.39051586389541626,0.2908208966255188,0.24358798563480377,0.19615422189235687,0.19235457479953766
bass,Track9_Bass.wav,0.10000000149011612,0.004943310657596372,,123.046875,2.7999999994399998,639.8785716900405,138.41374558050265,629.0241399232216,862.9861881369784,183.5372953186045,879.3438056761179,1004.583740234375,245.5969718388554,925.927734375,3.4946697269333526e-05,0.00026170152705162764,8.453168447886128e-06,0.8275245428085327,1.8850094079971313,0.1347062587738037,0.03243227358217592,0.007734878218053194,0.02978515625,27.813040892228518,10.854812422776467,29.040367000379362,-493.6846008300781,59.298622131347656,113.9107894897461,28.64978790283203,16.935298919677734,12.061590194702148,15.470683097839355,7.595530986785889,9.469027519226074,8.936727523803711,1.9350385665893555,8.878511428833008,3.7420835494995117,8.837592124938965,1.9997756481170654,12.935211181640625,-1.7123215198516846,8.164992332458496,-7.287179470062256,5.328362464904785,-8.972272872924805,8.884413719177246,-6.527947425842285,7.632828712463379,-7.592344284057617,6.507691860198975,0.23053790628910065,0.15194804966449738,0.25432801246643066,0.19320707023143768,0.09731154888868332,0.14957809448242188,0.06689080595970154,0.04753359779715538,0.05905851349234581,0.20983777940273285,0.37103039026260376,0.16486749053001404
flute,Track10_flute.wav,0.09999999403953552,0.17351473922902494,,73.828125,3.19999999936,904.7090042541912,134.73972980634093,910.9688425452628,956.1447092431847,129.0131876550401,947.5919709674939,1341.8375651041667,317.9156783727281,1195.0927734375,5.816081102238968e-05,0.00042391917668282986,1.3644770660903305e-05,0.9987929463386536,0.18288595974445343,1.0084110498428345,0.04654495804398148,0.00987573304558531,0.04833984375,29.820046210538948,10.77884857985767,30.21369479799587,-448.1442565917969,19.164453506469727,92.66921997070312,13.2633638381958,-38.55653762817383,6.912811279296875,4.6624016761779785,6.143067359924316,-11.418190002441406,6.8769612312316895,-18.261585235595703,5.657781600952148,-23.973167419433594,7.032440662384033,-28.167692184448242,6.5667901039123535,-21.138261795043945,4.419356822967529,-18.386159896850586,5.931276798248291,-13.102581977844238,8.469719886779785,3.4255733489990234,13.805315971374512,16.097803115844727,16.88164710998535,0.08634848892688751,0.13751593232154846,0.4342641830444336,0.05933210626244545,0.0030849913600832224,0.14760428667068481,0.5273571014404297,0.10332287847995758,0.0022002628538757563,0.005215916782617569,0.022542862221598625,0.10259057581424713
flute,Track11_flute.wav,0.10000000149011612,0.7137868480725623,44.854270935058594,117.45383522727273,5.9999999988,1318.4246508025155,264.9820512596338,1236.201717536927,1250.1939239748888,211.53573717728685,1181.403277693397,2097.742716471354,480.5662289376894,1873.388671875,9.184488590108231e-05,0.0002472260966897011,3.2282128813676536e-05,1.210073709487915,0.2898493707180023,1.1723144054412842,0.07028989438657407,0.01683231584057603,0.0634765625,27.869677130030823,12.802411897262212,29.286260618390724,-446.92242431640625,27.768428802490234,53.65476608276367,12.813257217407227,-57.79080581665039,9.134751319885254,-5.554737091064453,6.308589935302734,-23.31998634338379,7.572200775146484,-19.016841888427734,6.670097351074219,-25.472280502319336,6.664348602294922,-16.193584442138672,10.531146049499512,-5.251718044281006,9.456252098083496,6.603112697601318,9.211530685424805,14.132439613342285,9.531893730163574,25.743846893310547,21.248958587646484,20.574934005737305,22.464338302612305,0.004703676328063011,0.04995965585112572,0.3187767267227173,0.4020819067955017,0.09408146888017654,0.19024930894374847,0.05160944163799286,0.15905208885669708,0.046832676976919174,0.12015978246927261,0.030087938532233238,0.0024936706759035587
flute,Track12_flute.wav,0.10000000149011612,0.2123809523809524,55.75562286376953,112.34714673913044,4.59999999908,1269.7156466343022,299.6950072458657,1217.9980287144085,1232.974659927391,251.02575082283965,1217.284464111371,1989.7776285807292,561.7452404529424,1970.2880859375,8.286737283924595e-05,0.0001627375022508204,3.8837977626826614e-05,1.335702657699585,0.3664448857307434,1.2814431190490723,0.06787335431134259,0.018305994906150477,0.061767578125,28.021250227141586,12.468383458316469,26.796483502970972,-437.3595886230469,28.717952728271484,58.904441833496094,17.20317268371582,-54.651153564453125,9.737239837646484,-4.602597236633301,5.622450828552246,-23.52285385131836,5.61894416809082,-18.564590454101562,7.121017932891846,-23.90624237060547,8.609604835510254,-21.14005470275879,9.188434600830078,-7.846868515014648,8.853211402893066,4.720437526702881,12.336092948913574,9.905146598815918,14.301663398742676,13.213991165161133,16.283246994018555,11.86160659790039,19.797252655029297,0.2758580446243286,0.18408386409282684,0.08658790588378906,0.05113465338945389,0.19708983600139618,0.0610935240983963,0.24728137254714966,0.29492419958114624,0.041523393243551254,0.0012284142430871725,0.0014810127904638648,0.05945921689271927
flute,Track13_flute.wav,0.10000000149011612,0.7082086167800453,45.28807830810547,107.666015625,5.19999999896,1065.6713786591815,277.56684538062166,970.8326106829006,1093.313029267861,244.63197436359368,1007.8002476462932,1643.5017903645833,566.6165050050072,1491.17431640625,0.00014831470616627485,0.001236839103512466,1.903516022139229e-05,1.0692744255065918,0.3037247955799103,1.0123136043548584,0.05504466869212963,0.01656636767829187,0.05029296875,28.192914958394333,12.928030944704478,28.118395081116418,-456.7405090332031,27.650278091430664,74.05760955810547,18.04656410217285,-45.80475616455078,9.136098861694336,-4.531078815460205,7.166031360626221,-16.95216178894043,8.573397636413574,-17.650354385375977,8.489480972290039,-21.397329330444336,8.462778091430664,-19.60968780517578,7.414943695068359,-11.323866844177246,9.003990173339844,-10.704878807067871,11.687651634216309,-12.127448081970215,13.941431045532227,-1.8133435249328613,20.345991134643555,9.12193775177002,22.812013626098633,0.07464682310819626,0.19200417399406433,0.09535212069749832,0.04281153157353401,0.1633496880531311,0.023572616279125214,0.020489895716309547,0.1191745474934578,0.11509376019239426,0.37891027331352234,0.11985912173986435,0.21512387692928314
flute,Track14_flute.wav,0.10000001639127731,0.3677097505668934,44.35255432128906,60.09265988372093,5.19999999896,987.4684892103877,132.97204963863712,971.6992671792601,1010.3395793357195,150.39455463584756,984.7073869718062,1531.7982991536458,346.3232695137238,1555.77392578125,4.547552453004755e-05,0.00034208365832455456,1.7149210179923102e-05,1.042539119720459,0.18239383399486542,1.05193293094635,0.052074291087962965,0.009359269971715186,0.05322265625,28.72878690797909,11.849729061133521,29.115020892564523,-455.1776123046875,21.61709213256836,81.98188018798828,15.096656799316406,-48.10475158691406,10.674264907836914,-5.545003414154053,6.608160972595215,-17.337331771850586,7.268558979034424,-19.200441360473633,7.138896942138672,-25.79016876220703,7.117901802062988,-29.551097869873047,5.223691463470459,-19.339611053466797,4.214949607849121,-11.655037879943848,11.39465618133545,-1.1085100173950195,15.913846015930176,15.666881561279297,18.022977828979492,22.393184661865234,17.027881622314453,0.37896594405174255,0.12791107594966888,0.32737401127815247,0.058168794959783554,0.03480119630694389,0.19989444315433502,0.08387775719165802,0.2438412457704544,0.05689804628491402,0.004155129659920931,0.001213833806104958,0.07177694886922836
flute,Track1_flute.wav,0.10000000149011612,0.920453514739229,61.572105407714844,60.09265988372093,5.19999999896,856.4547240391959,160.01415005439452,849.6488822390271,943.0542514789154,170.16425576484326,936.7592165854752,1267.767333984375,342.47404880559714,1302.7587890625,0.0001232053036801517,0.001241393736563623,1.2804308425984345e-05,0.9424473643302917,0.1775769740343094,0.9396584033966064,0.041178385416666664,0.006512789823548497,0.041015625,29.32040465737295,11.772081661743035,28.698923056498632,-463.9419250488281,25.976335525512695,93.31879425048828,18.382081985473633,-35.70275115966797,9.443891525268555,-1.8184387683868408,7.408091068267822,-9.688379287719727,5.430890083312988,-16.10589599609375,6.244227886199951,-13.21832275390625,4.38120174407959,-16.908390045166016,4.586788177490234,-13.429339408874512,4.675321578979492,-20.250211715698242,5.86900520324707,-28.859365463256836,6.0622358322143555,-21.86651611328125,4.91351318359375,-7.96075439453125,8.135049819946289,0.0418868213891983,0.03547046333551407,0.058814626187086105,0.014487662352621555,0.0053030140697956085,0.0874519869685173,0.3290506899356842,0.07087581604719162,0.08429904282093048,0.37067508697509766,0.2898859679698944,0.25970518589019775
flute,Track2_flute.wav,0.09999999403953552,1.3540589569160997,46.72638702392578,112.34714673913044,4.79999999904,1194.6012946053431,284.3420625421449,1092.4139859158477,1155.060717682655,236.9037198040723,1091.9486617808823,1841.387939453125,605.3272156644929,1765.72265625,0.00022043564240448177,0.0021910585928708315,2.1037816622992977e-05,1.0203055143356323,0.25173214077949524,1.0101876258850098,0.0663158275462963,0.026258889174024306,0.05712890625,27.8590392761539,13.012782888395808,28.403168235722653,-472.66058349609375,26.311704635620117,58.39761734008789,14.992836952209473,-52.20835876464844,8.848637580871582,-6.325779438018799,7.634347915649414,-22.188310623168945,10.790244102478027,-19.849058151245117,5.028182506561279,-19.83890724182129,5.307380676269531,-14.444708824157715,11.965391159057617,-7.647572994232178,11.128300666809082,-6.3625946044921875,11.783926963806152,-1.954708218574524,9.62752628326416,14.306300163269043,18.58365249633789,27.135114669799805,22.620040893554688,0.18798361718654633,0.09600219130516052,0.3786048889160156,0.34647002816200256,0.04582345858216286,0.0006499318988062441,0.0008544408483430743,0.010604875162243843,0.08696448057889938,0.22276751697063446,0.052663397043943405,0.08341895043849945
flute,Track3_flute.wav,0.09999998658895493,1.0821315192743763,50.120399475097656,78.30255681818181,3.9999999992,1984.9016893642329,306.12432932914106,1953.6521465176238,1614.2159742468618,151.3723478403708,1600.0928490310152,3219.0643310546875,607.7052584966032,3197.6806640625,0.00019649500609375536,0.0004714434908237308,0.00011360226199030876,1.5842264890670776,0.31713494658470154,1.5960712432861328,0.10901104962384259,0.026601558121829457,0.1005859375,26.801534121806885,14.651842337531962,25.648100117889086,-455.6536560058594,21.9390811920166,10.924455642700195,8.542567253112793,-62.688133239746094,9.498187065124512,-8.758563995361328,7.052816390991211,-19.961978912353516,9.787723541259766,3.8272998332977295,10.451403617858887,7.529303550720215,9.817386627197266,9.268818855285645,13.47512435913086,-8.764598846435547,14.957720756530762,-7.469799995422363,7.816598415374756,-17.924421310424805,17.210737228393555,-6.857375144958496,19.217998504638672,3.548056125640869,16.565479278564453,0.159977525472641,0.3085125684738159,0.046752043068408966,0.04348338395357132,0.04259635508060455,0.24665740132331848,0.03844543918967247,0.002598781604319811,0.014999608509242535,0.11542697250843048,0.37813857197761536,0.07897739857435226
flute,Track4_flute.wav,0.09999998658895493,0.8743764172335601,55.131553649902344,60.09265988372093,2.19999999956,2262.3510271002338,328.32914588946716,2194.167305738595,1707.4072096969483,195.13211327450855,1687.67574386642,3745.830281575521,695.1654149326538,3676.79443359375,0.00036713617737405,0.0016162929823622108,0.00014646923227701336,1.7724709510803223,0.38277679681777954,1.7248752117156982,0.1299415870949074,0.021774715824979418,0.125,26.831395888326938,14.70555994001643,26.076595563999916,-438.0573425292969,19.11376953125,0.2205933928489685,8.066798210144043,-58.55522155761719,9.443758964538574,-4.935853004455566,4.216350078582764,-10.774373054504395,6.524440765380859,12.755256652832031,7.300049781799316,6.2091593742370605,7.7306742668151855,-6.202459335327148,11.266397476196289,-20.31783103942871,7.258073806762695,-7.9357523918151855,12.796812057495117,-4.001358985900879,10.036272048950195,13.018488883972168,17.53681182861328,10.125202178955078,10.559041976928711,0.0012180758640170097,0.05209777131676674,0.3702685832977295,0.4881311357021332,0.07737021893262863,0.06370720267295837,0.009333078749477863,0.03692520037293434,0.28769615292549133,0.06041735038161278,0.007403918541967869,0.001123353373259306
flute,Track5_flute.wav,0.09999999403953552,0.33006802721088435,47.57870101928711,129.19921875,2.7999999994399998,1882.6464108583632,256.1609889640534,1877.7822236955997,1578.5789275688298,143.5691001096384,1566.9816806976323,3044.7550455729165,556.5141204689313,2971.58203125,0.0001576934300828725,0.00020334158034529537,0.00010988966096192598,1.5475311279296875,0.29317507147789,1.5311532020568848,0.10253680193865741,0.017071135288624424,0.105712890625,27.102513255015165,14.55790133751546,25.62452043068297,-456.0619201660156,19.93130111694336,13.216361045837402,8.649528503417969,-61.532413482666016,7.843813896179199,-9.456910133361816,6.799676895141602,-24.150224685668945,6.762107849121094,1.1810697317123413,7.156444549560547,10.15829086303711,7.669413089752197,12.404885292053223,7.913182258605957,-7.489692211151123,13.030433654785156,-11.489052772521973,9.990180969238281,-20.03892707824707,10.787013053894043,-2.315690279006958,23.021976470947266,5.014664649963379,15.727399826049805,0.024554045870900154,0.04592301696538925,0.3694142997264862,0.29496273398399353,0.04670913890004158,0.004120016470551491,0.001939423382282257,0.006923668552190065,0.05677608773112297,0.06317005306482315,0.37373873591423035,0.18987838923931122
flute,Track6_flute.wav,0.10000001639127731,0.2546485260770975,44.223976135253906,117.45383522727273,2.7999999994399998,1678.3586547083817,229.56663081088104,1683.5029947573416,1503.6435161580082,161.12316744128094,1493.8550414744577,2721.7071533203125,469.7314110959717,2772.39990234375,0.0002077862445730716,0.0007233560900203884,9.098069131141528e-05,1.6413980722427368,0.30542686581611633,1.6767737865447998,0.08856201171875,0.014893120093984847,0.08984375,28.288879364399556,13.033937383011331,25.95657803508376,-425.5501708984375,19.2410945892334,30.41897964477539,9.79357624053955,-60.41749954223633,7.66233491897583,-4.655614376068115,6.697436809539795,-24.910036087036133,7.028591156005859,-9.154305458068848,4.803961277008057,-6.598528861999512,6.830050468444824,3.7958147525787354,13.400989532470703,4.454645156860352,6.4235711097717285,7.0465006828308105,9.406556129455566,-5.262534141540527,18.03955078125,-11.431859970092773,8.887255668640137,-7.573690414428711,12.241758346557617,0.23312582075595856,0.03226727247238159,0.005427350755780935,0.0007839329191483557,0.0005095346714369953,0.06795932352542877,0.43099865317344666,0.3284493088722229,0.044904060661792755,0.0006491694366559386,0.03728837892413139,0.26166006922721863
flute,Track7_flute.wav,0.10000000149011612,0.6439002267573696,44.631744384765625,123.046875,5.5999999988799996,1287.17444136613,285.6936775923601,1212.22188985512,1242.9370922860576,234.34420083411155,1170.6387077574163,2036.1338297526042,527.317298154117,1884.1552734375,9.02700048754923e-05,0.00023579513072036207,2.9714654374402016e-05,1.2644867897033691,0.35961830615997314,1.2046016454696655,0.0673511646412037,0.016766992336856065,0.06298828125,27.908775593508487,12.521150353970004,27.71521850128382,-441.309814453125,30.857065200805664,55.205055236816406,15.77004337310791,-57.447608947753906,10.3842134475708,-4.952572345733643,6.421995162963867,-21.44641876220703,5.003409385681152,-17.12996482849121,6.226713180541992,-24.142419815063477,7.183882236480713,-19.139400482177734,7.765951633453369,-6.96912956237793,9.740947723388672,6.176011085510254,14.148415565490723,13.15693473815918,12.284132957458496,20.842483520507812,17.991127014160156,16.29619026184082,25.235816955566406,0.11711104959249496,0.06567423790693283,0.27883580327033997,0.25590401887893677,0.0627322867512703,0.15313807129859924,0.07929154485464096,0.3565443158149719,0.05870372802019119,0.0032873819582164288,0.005735847633332014,0.024783609434962273
flute,Track8_flute.wav,0.10000000149011612,0.20979591836734693,,117.45383522727273,4.79999999904,1322.4174136520694,307.2218036043003,1260.8425675706749,1281.7810164715731,251.21114737679932,1224.7723477831032,2124.4099934895835,590.9876494990814,1981.0546875,9.939531446434557e-05,0.0001865995000116527,3.8638532714685425e-05,1.2879761457443237,0.37626492977142334,1.2933003902435303,0.0689697265625,0.01897161288824272,0.0634765625,28.01089402477387,12.59270420626569,28.198427624586714,-444.9029235839844,29.410383224487305,58.053863525390625,20.74665641784668,-52.203495025634766,11.1423921585083,-6.66943359375,6.473104953765869,-24.23391342163086,5.712095737457275,-21.555660247802734,8.420291900634766,-25.568620681762695,7.399386405944824,-17.39493751525879,6.712915897369385,-5.299185276031494,8.18484115600586,6.835448265075684,12.600906372070312,13.31574821472168,15.12486457824707,18.603818893432617,17.993637084960938,6.815263748168945,17.474435806274414,0.003453904762864113,0.01156657375395298,0.07503870129585266,0.07835567742586136,0.43789538741111755,0.13565510511398315,0.04784668982028961,0.31702205538749695,0.08235284686088562,0.07830804586410522,0.17240770161151886,0.05208093300461769
flute,Track9_flute.wav,0.10000000149011612,0.8687981859410431,46.31194305419922,112.34714673913044,5.9999999988,1742.8703255880089,293.81301811110734,1784.4607115026065,1510.705572501536,179.74939504152692,1514.0524176856572,2854.7943115234375,581.7628055719524,2799.31640625,0.00017039879458025098,0.000334579759510234,0.0001015140805975534,1.5351423025131226,0.331486314535141,1.5507699251174927,0.093994140625,0.021360509080454497,0.092529296875,27.845202911401724,13.49995308881088,26.7992096726342,-435.9528503417969,25.272659301757812,26.326889038085938,13.233515739440918,-61.217681884765625,9.460747718811035,-7.914483070373535,7.646656513214111,-24.730730056762695,6.980057716369629,-8.544017791748047,11.88347053527832,-7.353444576263428,13.989816665649414,0.2687961757183075,9.05937385559082,-0.9101332426071167,13.9284029006958,5.919003009796143,15.03849983215332,4.921692371368408,15.859740257263184,9.794710159301758,19.460634231567383,-5.205249786376953,13.928694725036621,0.005750474985688925,0.01803404837846756,0.14807556569576263,0.28941938281059265,0.08387143164873123,0.2354063093662262,0.06858465075492859,0.23656168580055237,0.15877355635166168,0.04444964602589607,0.15409056842327118,0.02819555252790451
piano,Track10_Acoustic_Grand_Piano.wav,0.10000000149011612,0.026122448979591838,,117.45383522727273,2.9999999994,787.4843841536492,79.29513701746903,777.0861623086628,808.0474630725054,124.42137199640491,790.2738127957559,1387.8448486328125,217.48574432069,1318.90869140625,2.336192483198829e-05,0.00021160655887797475,1.8946082036563894e-06,0.8760378956794739,1.4047242403030396,0.35803288221359253,0.04228153935185185,0.010377181140300501,0.0390625,31.496444587368483,9.391248337399903,31.783159405643655,-410.5101318359375,44.98846435546875,129.96725463867188,18.053770065307617,-24.589534759521484,10.705074310302734,23.352432250976562,8.288877487182617,8.134198188781738,7.804976463317871,-5.038095951080322,5.242464542388916,-3.0335724353790283,5.231693267822266,-9.461249351501465,5.1257195472717285,-6.137042045593262,6.93505334854126,-8.089879989624023,5.637409687042236,-14.134876251220703,6.036642074584961,-10.095454216003418,5.881534099578857,-1.513716220855713,6.2959818840026855,0.5279543995857239,0.1258113980293274,0.01046260166913271,0.021836141124367714,0.04103701189160347,0.1290459930896759,0.09363215416669846,0.15347738564014435,0.37413209676742554,0.07769066840410233,0.015013336203992367,0.14743217825889587
piano,Track11_Acoustic_Grand_Piano.wav,0.10000000149011612,0.02331065759637188,44.722198486328125,80.74951171875,2.7999999994399998,787.2733277180757,77.3237990722784,785.1731333562773,815.9616724842928,79.07593887269518,810.7681859193694,1374.7853597005208,224.55792929550972,1324.2919921875,9.23186780710239e-06,2.1469333660206757e-05,1.9355074982740916e-06,0.840933620929718,1.3722323179244995,0.3622305393218994,0.04034875940393518,0.010694822264895425,0.037109375,31.705643374353684,9.345343868384406,31.64165618413746,-409.01519775390625,47.07896041870117,125.23171997070312,18.760587692260742,-28.704561233520508,11.189205169677734,22.899948120117188,9.438100814819336,4.170794486999512,6.876663684844971,-5.314204692840576,5.703797817230225,-4.8382039070129395,5.53604793548584,-7.796197891235352,5.078015327453613,-1.5405253171920776,5.522347927093506,-10.60573673248291,4.706510543823242,-11.404068946838379,5.24973726272583,-3.2994558811187744,5.717900276184082,-4.356362819671631,5.175534725189209,0.07334216684103012,0.32255661487579346,0.4155036211013794,0.1579643189907074,0.23049601912498474,0.10093508660793304,0.16276799142360687,0.06772798299789429,0.12620699405670166,0.049133166670799255,0.009084402583539486,0.015576505102217197
piano,Track12_Acoustic_Grand_Piano.wav,0.09999999403953552,0.0599092970521542,,117.45383522727273,3.59999999928,783.8858300236957,88.49578262838178,783.8766445436146,824.9639971224375,120.95962238861222,808.6153541130977,1351.6072591145833,152.83213795856926,1335.05859375,2.7371555916033685e-05,0.00022017344599589705,2.3999809855013154e-06,0.9294166564941406,1.322906732559204,0.3977336883544922,0.03932924623842592,0.0065751596682761225,0.0400390625,30.40369608454258,10.336691541523921,30.01300685290052,-419.9781494140625,38.682437896728516,126.01879119873047,18.30921173095703,-20.233985900878906,8.718243598937988,19.736942291259766,7.546967029571533,6.666580677032471,8.820825576782227,-1.8794435262680054,6.391955852508545,-6.01899528503418,5.418427467346191,-9.08823013305664,6.678931713104248,-3.151685953140259,3.9264631271362305,-7.365312576293945,5.236422538757324,-10.905524253845215,4.623206615447998,-8.273090362548828,3.912109613418579,-5.322749614715576,3.816729784011841,0.010737697593867779,0.012312778271734715,0.07932628691196442,0.26736319065093994,0.20993243157863617,0.11116129159927368,0.07481527328491211,0.22146159410476685,0.10482018440961838,0.26692578196525574,0.30967119336128235,0.06274621933698654
piano,Track13_Acoustic_Grand_Piano.wav,0.10000000149011612,0.024625850340136056,,123.046875,2.9999999994,792.9814364669701,101.25036126269157,795.8930428250962,824.837852038801,138.80111298854132,805.9034162418866,1406.6864013671875,239.65706796114193,1410.4248046875,2.5966002795030363e-05,0.00021708515123464167,1.9401786630623974e-06,0.8961966037750244,1.4627838134765625,0.37763285636901855,0.040690104166666664,0.0087059074645036,0.03857421875,31.46888427950918,9.640446095322982,31.224847654531942,-406.5147705078125,45.36428451538086,128.05117797851562,19.08806800842285,-27.145612716674805,10.872756004333496,20.729711532592773,9.522114753723145,3.7525622844696045,6.709857940673828,-4.357030868530273,6.431507110595703,-4.9248833656311035,6.484540939331055,-9.302641868591309,5.1640625,-2.900740146636963,5.58488130569458,-9.919529914855957,5.049004554748535,-13.795665740966797,5.085082530975342,-6.852066516876221,7.033292293548584,-3.859801769256592,6.243490695953369,0.12342327833175659,0.3835877776145935,0.15562714636325836,0.23202528059482574,0.10802119225263596,0.1882656216621399,0.1024964451789856,0.057465653866529465,0.18175184726715088,0.046016208827495575,0.03450286015868187,0.11035065352916718
piano,Track14_Acoustic_Grand_Piano.wav,0.10000000149011612,0.021904761904761906,,117.45383522727273,3.39999999932,800.2433500371715,77.6152268263959,813.6017927183254,823.26152021979,78.69948604340097,828.2788312223527,1365.56396484375,212.21911715881737,1286.60888671875,1.3161140486772638e-05,3.310165993752889e-05,2.5114213713095523e-06,0.9953688383102417,1.5456173419952393,0.4178059697151184,0.04257767288773148,0.008609038847171879,0.041748046875,30.712809148630107,10.536195522199524,29.850537772067398,-398.44415283203125,44.087459564208984,131.8538360595703,17.19487762451172,-25.047372817993164,8.379054069519043,19.632461547851562,9.75538158416748,2.2058351039886475,7.892289638519287,-2.871870756149292,6.057809352874756,-5.799357891082764,5.740850925445557,-7.452885150909424,5.6924357414245605,-6.270917892456055,4.866469860076904,-10.580159187316895,5.083327770233154,-11.397895812988281,7.56302547454834,-6.166875839233398,5.424891471862793,-2.073659658432007,5.062556743621826,0.120184987783432,0.28501424193382263,0.06566488742828369,0.020511778071522713,0.012918810360133648,0.10432567447423935,0.3446223735809326,0.15101556479930878,0.2836080491542816,0.06024303287267685,0.06493183970451355,0.22745583951473236
piano,Track1_Acoustic_Grand_Piano.wav,0.10000001639127731,0.019591836734693877,,117.45383522727273,3.19999999936,813.7329672742131,83.21836214217952,813.5728772291619,851.0452774188753,124.80571325355886,828.0831653185359,1400.7548014322917,200.5324826324604,1399.658203125,2.8813161407015286e-05,0.0001969941658899188,2.387942458881298e-06,1.0219504833221436,1.6764825582504272,0.4384530186653137,0.04142026548032408,0.0067596752820384565,0.0400390625,30.616481453086013,10.61855921141057,30.696247024325608,-406.84185791015625,48.28490447998047,124.51583099365234,19.82469940185547,-23.762046813964844,8.403007507324219,22.03898811340332,8.015873908996582,1.0512746572494507,5.697398662567139,-5.0090250968933105,7.404207229614258,-6.120962142944336,6.683229923248291,-6.037442684173584,4.486814022064209,-5.172647953033447,7.422449588775635,-10.405787467956543,6.5453081130981445,-10.786478996276855,7.05487060546875,-9.348114013671875,4.1399383544921875,-6.122013568878174,4.658353328704834,0.03625749424099922,0.0662495419383049,0.021700957790017128,0.024108100682497025,0.10667124390602112,0.34780997037887573,0.09209015965461731,0.08524025976657867,0.3599250912666321,0.29541537165641785,0.25497815012931824,0.04985218495130539
piano,Track2_Acoustic_Grand_Piano.wav,0.09999999403953552,0.05356009070294784,,117.45383522727273,2.9999999994,767.9301450673653,82.53608377779496,785.857794105028,809.041775346804,95.46507405224553,804.1425068117817,1353.1026204427083,199.38856341285,1388.8916015625,1.3010500879317988e-05,3.6093450034968555e-05,2.1037744772911537e-06,0.9267207384109497,1.5163657665252686,0.3998667597770691,0.03865107783564815,0.008477006172263025,0.039306640625,31.11320559118549,9.792821962923101,31.351153085385246,-407.92462158203125,45.36128616333008,126.0184097290039,18.779685974121094,-26.456859588623047,9.9735689163208,22.578699111938477,8.000179290771484,5.908397674560547,7.503912925720215,-1.3443002700805664,5.725877285003662,-6.90631103515625,5.894958972930908,-11.873711585998535,5.156036376953125,-0.9635499119758606,5.266307353973389,-7.904531002044678,3.9228179454803467,-14.018500328063965,5.114482879638672,-7.805538654327393,4.2781500816345215,-5.164504051208496,5.440230846405029,0.10338015109300613,0.18007706105709076,0.1247309073805809,0.36564382910728455,0.4047160744667053,0.10318298637866974,0.011312151327729225,0.014212238602340221,0.033459797501564026,0.10701221972703934,0.23513664305210114,0.07286719977855682
piano,Track3_Acoustic_Grand_Piano.wav,0.09999999403953552,0.02471655328798186,,80.74951171875,3.19999999936,775.7392262731397,74.0696671583008,772.7440035817813,804.1058254652313,75.82506361417984,791.3799529649573,1392.1315511067708,214.82980145103176,1329.67529296875,8.722079655854031e-06,1.861920281953644e-05,1.8864507183025125e-06,0.8990073204040527,1.4347749948501587,0.3842112421989441,0.040228949652777776,0.007979641934059081,0.03857421875,31.51540736021854,9.264331413902,31.33185606977314,-405.54119873046875,46.20676040649414,130.1768798828125,18.285858154296875,-27.298141479492188,11.162599563598633,21.590288162231445,8.326769828796387,3.2606935501098633,7.05794095993042,-7.254885673522949,6.474757671356201,-5.41657829284668,5.593907356262207,-7.47599983215332,5.913563251495361,-1.983647346496582,6.651383399963379,-9.542402267456055,4.909111976623535,-12.818673133850098,4.9954962730407715,-7.199554443359375,5.673720836639404,-4.249805927276611,6.298985481262207,0.1497919261455536,0.3358728587627411,0.11258105933666229,0.21950016915798187,0.3059120178222656,0.08299564570188522,0.06308560818433762,0.08754981309175491,0.27175918221473694,0.05292434245347977,0.013278276659548283,0.03444325923919678
piano,Track4_Acoustic_Grand_Piano.wav,0.10000000149011612,0.024761904761904763,41.26634979248047,80.74951171875,2.7999999994399998,824.3256182901472,82.26755703719027,834.5876042372968,845.1480799393627,123.18556102821192,832.546368118978,1451.7964680989583,256.32427968002975,1475.0244140625,2.4043592929956503e-05,0.00021118894801475108,2.059009602817241e-06,0.8381227850914001,1.3998980522155762,0.36557552218437195,0.044078685619212965,0.012378216122689504,0.04052734375,32.117149816376745,9.26406022685661,32.17943652001762,-400.6637878417969,49.195037841796875,123.09571838378906,18.633607864379883,-32.731895446777344,12.230122566223145,26.951475143432617,9.264331817626953,5.212833881378174,7.088691234588623,-4.887095928192139,5.106685161590576,-4.249877452850342,6.068528652191162,-5.606232643127441,6.420358657836914,-1.004693627357483,4.929628372192383,-10.33260726928711,3.8422045707702637,-10.446964263916016,6.575094223022461,-3.0156900882720947,6.434731483459473,-4.066910743713379,6.08636999130249,0.08083349466323853,0.379135400056839,0.5381774306297302,0.1264830380678177,0.06594512611627579,0.022580912336707115,0.07891400903463364,0.2613484859466553,0.07857923209667206,0.04072795808315277,0.009246773086488247,0.01065065898001194
piano,Track5_Acoustic_Grand_Piano.wav,0.09999999403953552,0.026439909297052155,45.200950622558594,123.046875,2.7999999994399998,793.8317369064615,87.4646664088641,787.8848158838314,830.9878779635692,115.34498086864635,811.261576692254,1370.947265625,218.39566620139814,1335.05859375,1.940953006851487e-05,0.0001129385782405734,1.9977355805167463e-06,0.9079164862632751,1.5357006788253784,0.39171284437179565,0.039103190104166664,0.007289512255453153,0.0380859375,30.951961818723234,10.479462458707333,31.27662377628326,-422.9578857421875,49.785194396972656,118.42948913574219,21.24650764465332,-23.60169792175293,9.569766998291016,22.06791114807129,8.3619966506958,4.509487628936768,6.835925102233887,-4.982175350189209,6.026619911193848,-5.406692028045654,6.589730739593506,-7.031744003295898,4.789611339569092,-3.9526045322418213,7.438929080963135,-8.040642738342285,4.424081325531006,-9.016637802124023,5.155771732330322,-8.774992942810059,5.1841349601745605,-6.422675132751465,3.697228193283081,0.01380788441747427,0.023221047595143318,0.07136733084917068,0.13656838238239288,0.36995062232017517,0.18885324895381927,0.03394511714577675,0.09033793956041336,0.38004323840141296,0.31293678283691406,0.04984918236732483,0.018482642248272896
piano,Track6_Acoustic_Grand_Piano.wav,0.10000000149011612,0.024625850340136056,53.657344818115234,123.046875,3.19999999936,812.0143582518681,82.2407098131316,844.10107937454,829.1887208075221,102.12566465195742,832.8271622941934,1447.0611572265625,256.5516696372174,1571.923828125,1.5379948308691382e-05,9.648791456129402e-05,2.127620973624289e-06,0.8934853672981262,1.412109375,0.38702020049095154,0.045267740885416664,0.011366197519402819,0.047119140625,31.74805478426388,9.277543450694179,30.93864631684957,-407.3608093261719,46.7230339050293,125.19207763671875,19.9497127532959,-29.68101692199707,11.596156120300293,25.555429458618164,9.041061401367188,7.207557201385498,7.013920783996582,-5.881679534912109,5.639334678649902,-4.301747798919678,4.486772537231445,-5.935482501983643,7.138281345367432,-2.413431406021118,4.218461990356445,-10.528641700744629,3.111013889312744,-9.75186538696289,5.8686113357543945,-1.8986976146697998,6.266241073608398,-1.8995133638381958,5.3885178565979,0.11405821144580841,0.4576570987701416,0.3424590826034546,0.062299635261297226,0.009080990217626095,0.07000206410884857,0.2667205333709717,0.24739015102386475,0.06588844209909439,0.025653529912233353,0.00780077651143074,0.011579018086194992
piano,Track7_Acoustic_Grand_Piano.wav,0.10000000149011612,0.015873015873015872,43.18052673339844,117.45383522727273,3.19999999936,815.4649414956303,99.19242958277829,805.0801346141052,854.281704565139,128.3741714379169,834.8983327388476,1377.3773193359375,210.96103746611502,1335.05859375,2.398405922576785e-05,0.000130776475998573,2.7074697754869703e-06,0.9804903864860535,1.5334259271621704,0.4298900365829468,0.04214816623263889,0.008033656864318459,0.041748046875,30.39515606409851,11.29452978172737,29.847592513305,-403.8856201171875,51.032894134521484,124.16326904296875,19.991609573364258,-22.305740356445312,8.517370223999023,20.64705467224121,8.236603736877441,2.10848069190979,8.293694496154785,-0.8159713745117188,8.06510066986084,-6.741253852844238,5.258774757385254,-3.816497564315796,5.864892482757568,-3.972095251083374,4.886921405792236,-10.046761512756348,5.343713283538818,-9.935508728027344,7.1538615226745605,-5.952026844024658,4.489424228668213,-2.4108011722564697,4.623512268066406,0.08249033242464066,0.019512521103024483,0.02290506102144718,0.038505855947732925,0.13010261952877045,0.0928417518734932,0.2774028778076172,0.2754725217819214,0.10097184032201767,0.18069708347320557,0.11417361348867416,0.36618006229400635
piano,Track8_Acoustic_Grand_Piano.wav,0.10000000149011612,0.02072562358276644,60.11757278442383,117.45383522727273,2.7999999994399998,822.325436102459,113.4242207259956,823.1820084185367,849.9861689567806,139.39454735421015,832.5292804653163,1413.3158365885417,269.6037454750306,1410.4248046875,4.824571806238964e-05,0.0005066247540526092,2.3959387362992857e-06,0.8842074275016785,1.512283444404602,0.3894757926464081,0.042787905092592594,0.007958660565215846,0.0419921875,31.291784390257842,10.03428450048017,31.137838774571406,-419.8201599121094,52.4080696105957,121.5711898803711,22.768125534057617,-23.326208114624023,10.917410850524902,20.64103889465332,8.759523391723633,4.527944564819336,8.378546714782715,-3.7798633575439453,7.808194160461426,-3.782923936843872,5.345698833465576,-6.975687503814697,6.93107795715332,-6.611618518829346,6.205256462097168,-9.243059158325195,5.425190448760986,-8.821329116821289,6.3248138427734375,-6.130862712860107,5.091697692871094,-4.645682334899902,6.358297824859619,0.1074526384472847,0.18432100117206573,0.060249462723731995,0.013111298903822899,0.02620588429272175,0.08426962792873383,0.13313129544258118,0.4342568814754486,0.15590448677539825,0.0986139178276062,0.31473109126091003,0.07633818686008453
piano,Track9_Acoustic_Grand_Piano.wav,0.10000000149011612,0.029931972789115645,,117.45383522727273,2.9999999994,812.9301545962944,102.61742485148699,805.6434851274528,847.4193936993638,135.69944094704184,835.2336256754211,1424.6805826822917,228.76660813871302,1410.4248046875,4.7310717491200194e-05,0.0005027432925999165,2.532424105083919e-06,0.9174639582633972,1.4918276071548462,0.4129190444946289,0.04294614438657408,0.008302744849634672,0.04248046875,31.123198151942084,9.998026407142161,31.162410077874476,-403.5929870605469,44.222835540771484,127.06861114501953,18.783950805664062,-26.324338912963867,10.733964920043945,22.97904396057129,8.332345962524414,4.572520732879639,7.409108638763428,-0.8253998756408691,5.666597843170166,-4.8873820304870605,8.260220527648926,-10.85172176361084,6.123602390289307,-2.1172380447387695,4.316087245941162,-8.096904754638672,4.916275501251221,-14.466767311096191,5.840823173522949,-7.096118927001953,5.483114719390869,-3.7353603839874268,5.836645603179932,0.23464013636112213,0.10939888656139374,0.22997182607650757,0.16474924981594086,0.07931174337863922,0.14120334386825562,0.03891916573047638,0.023678960278630257,0.042125675827264786,0.20611239969730377,0.3365978002548218,0.11791735887527466
trumpet,Track10_trumpet.wav,0.09999998658895493,0.03836734693877551,76.336181640625,123.046875,3.9999999992,3120.809113286653,209.75289250375727,3115.087561265672,2129.429922318268,96.71263200892326,2142.422810446191,5443.0653889973955,421.1515892047622,5453.28369140625,0.0019511001883074641,0.0019705803133547306,0.0011769705452024937,2.6956770420074463,1.3511227369308472,2.3166074752807617,0.17109736689814814,0.02347392673282346,0.16796875,31.40582357001457,13.86109803310721,29.913045995648254,-261.8451232910156,21.8857479095459,-42.877197265625,18.91204071044922,-66.35032653808594,6.604417324066162,-2.935629367828369,7.07666015625,-29.338102340698242,4.262640953063965,-10.155341148376465,4.349263668060303,-22.442161560058594,4.459424018859863,-18.30528450012207,4.8680949211120605,-23.415359497070312,3.556150197982788,-10.023618698120117,2.8236143589019775,-14.680516242980957,7.427280902862549,3.1546804904937744,14.008569717407227,8.799604415893555,15.21430492401123,0.1901509314775467,0.5734859108924866,0.46411362290382385,0.1050693467259407,0.05324947461485863,0.12353704869747162,0.5578204393386841,0.14288578927516937,0.12367968261241913,0.2427562028169632,0.22742226719856262,0.14055003225803375
trumpet,Track11_trumpet.wav,0.09999999403953552,0.03015873015873016,50.98615264892578,80.74951171875,3.9999999992,3356.414685449923,368.4696271463096,3240.658424071108,2275.0338500191174,135.65904359944054,2250.3636876275064,5924.820963541667,710.8520724656823,5647.08251953125,0.0011913826456293464,0.0014663342153653502,0.000639456557109952,2.5305867195129395,1.1567797660827637,2.1655025482177734,0.16731544777199073,0.018597360917010856,0.16943359375,30.750369965468035,14.241332378772507,30.961147293485016,-285.5392150878906,24.55068016052246,-61.29254913330078,18.63510513305664,-54.21129608154297,10.74055004119873,-14.173261642456055,7.355872631072998,-30.21001434326172,5.573478698730469,-11.277636528015137,5.230067253112793,-20.474843978881836,8.008380889892578,-8.805322647094727,13.373970985412598,-5.137720108032227,17.549772262573242,13.313324928283691,16.191272735595703,9.381293296813965,10.823515892028809,22.342836380004883,16.445680618286133,10.80084228515625,20.904813766479492,0.12720169126987457,0.08786943554878235,0.3480267822742462,0.4211837649345398,0.14453090727329254,0.22301727533340454,0.08125099539756775,0.19250673055648804,0.06436321139335632,0.24009361863136292,0.168016716837883,0.06068134307861328
trumpet,Track12_trumpet.wav,0.09999998658895493,0.03841269841269841,,117.45383522727273,3.9999999992,3445.8136986260424,324.79310284934843,3515.4267749561836,2265.0252965467134,148.33324246588154,2269.5354833727806,6073.4100341796875,685.3463815407375,5953.9306640625,0.0013104922836646438,0.0015996663132682443,0.0008454329799860716,2.5244204998016357,1.1817024946212769,2.1698341369628906,0.17305727358217593,0.031777254821675094,0.163818359375,31.24285857447277,13.282426827602912,30.915211754909645,-280.3665771484375,21.664899826049805,-59.6602783203125,16.99155616760254,-51.460357666015625,11.49606704711914,-9.739914894104004,8.28614330291748,-27.413070678710938,6.083690166473389,-7.927999973297119,4.980483531951904,-21.265470504760742,6.668603897094727,-8.992315292358398,10.542052268981934,-3.2469494342803955,16.30886459350586,16.994491577148438,19.838266372680664,6.9908366203308105,16.164854049682617,13.550715446472168,10.109601020812988,-0.8937435150146484,20.144506454467773,0.2562553882598877,0.27082934975624084,0.21936722099781036,0.08045972138643265,0.2624886929988861,0.08648503571748734,0.2987121343612671,0.49528947472572327,0.14186730980873108,0.06380350142717361,0.0932161808013916,0.20726414024829865
trumpet,Track13_trumpet.wav,0.10000000149011612,0.05251700680272109,,123.046875,3.7999999992399998,3167.592831575093,304.37274914174355,3145.7594770173077,2105.646950051087,158.30260622350482,2085.397299646912,5467.1905517578125,642.3753240325144,5415.6005859375,0.0011474323691800237,0.0010984048712998629,0.0007611272158101201,2.520512819290161,1.2736808061599731,2.2412562370300293,0.17841028284143517,0.030465651469278,0.18359375,30.66923895624243,13.779147733520382,30.366503624193104,-277.26318359375,21.14085578918457,-50.528873443603516,19.9117374420166,-63.43746566772461,13.117430686950684,-3.94136905670166,7.472014904022217,-30.516185760498047,6.455710411071777,-8.564952850341797,5.256202220916748,-22.805463790893555,5.875345706939697,-14.500682830810547,7.756255626678467,-16.616411209106445,12.98590087890625,-1.766187071800232,16.98615837097168,-7.973959922790527,14.33540153503418,3.163566827774048,14.398377418518066,2.317732334136963,17.01969337463379,0.10479456186294556,0.2644767165184021,0.15084129571914673,0.15045084059238434,0.5129883885383606,0.1178610622882843,0.26320523023605347,0.22029545903205872,0.20196130871772766,0.3883917033672333,0.10777229815721512,0.31691479682922363
trumpet,Track14_trumpet.wav,0.10000000149011612,0.0364625850340136,52.27192687988281,60.09265988372093,3.7999999992399998,3168.784376903134,352.733993102728,3215.0187049075785,2110.480811867142,185.98555791972026,2160.1830445095056,5444.211832682292,668.0720082503088,5571.71630859375,0.001217198558151722,0.001180144026875496,0.0007627208833582699,2.5615878105163574,1.2236125469207764,2.2850170135498047,0.18223741319444445,0.032376018086852615,0.168701171875,31.30097677202513,13.492414521466332,30.420928104254614,-276.601318359375,21.675064086914062,-48.409278869628906,22.75949478149414,-63.49559783935547,9.813814163208008,-4.280878067016602,12.801495552062988,-30.195491790771484,5.304685592651367,-9.60026741027832,6.345029354095459,-24.871129989624023,4.58710241317749,-16.85409164428711,4.957121849060059,-18.629026412963867,4.136429786682129,-3.0219624042510986,11.418904304504395,-5.104072093963623,14.518121719360352,10.222082138061523,13.230090141296387,8.349328994750977,14.367446899414062,0.42530083656311035,0.15467947721481323,0.5188403725624084,0.0969172939658165,0.13114744424819946,0.28090959787368774,0.1519634872674942,0.5217172503471375,0.10149021446704865,0.18010357022285461,0.08197148889303207,0.13677479326725006
trumpet,Track1_trumpet.wav,0.10000000149011612,0.04113378684807256,,80.74951171875,3.7999999992399998,3110.4536477884603,254.56803860901894,3147.278620400195,2042.7799590452164,132.2309752089724,2080.634312066628,5321.4426676432295,527.5344817117524,5447.900390625,0.0016999845393002033,0.0018301737727597356,0.0010850371327251196,2.6441118717193604,1.290508508682251,2.377037763595581,0.1863991066261574,0.027670168302262384,0.19140625,31.075131744313662,13.676010562115314,29.894147039479567,-248.5973358154297,19.923736572265625,-43.840396881103516,24.82724380493164,-71.0696029663086,8.100127220153809,1.3908408880233765,5.265973091125488,-29.805158615112305,5.033963203430176,-8.125879287719727,4.482429504394531,-21.659500122070312,3.15118408203125,-15.898327827453613,4.185567855834961,-22.998456954956055,2.8614726066589355,-11.703413963317871,3.7332780361175537,-20.344717025756836,3.054539442062378,-9.90109920501709,3.352207660675049,-6.245244979858398,3.9688568115234375,0.15225505828857422,0.40130192041397095,0.14693249762058258,0.12949520349502563,0.3645952343940735,0.30534306168556213,0.531768798828125,0.1429077535867691,0.16763927042484283,0.4276837110519409,0.34503838419914246,0.2630186378955841
trumpet,Track2_trumpet.wav,0.10000000149011612,0.05800453514739229,53.78425598144531,117.45383522727273,2.9999999994,3360.840576729581,421.01863473284703,3273.286276143057,2238.475232917719,168.39888007900294,2199.148339061898,5807.7341715494795,767.0053277738305,5609.3994140625,0.0013206151779741049,0.0015827720053493977,0.0007100655930116773,2.6411092281341553,1.536858081817627,2.23580265045166,0.18634485315393517,0.029177653545813188,0.172119140625,30.440916681296454,14.113618565358841,30.558768759982623,-283.061279296875,25.19754981994629,-58.11263656616211,19.826549530029297,-54.49455642700195,10.368700981140137,-9.398152351379395,9.76479721069336,-28.851245880126953,5.543128490447998,-9.972630500793457,5.4762864112854,-18.94793701171875,7.906946182250977,-8.232954978942871,15.575576782226562,-6.908089637756348,18.918087005615234,3.926481246948242,13.851545333862305,-3.8699686527252197,10.288763046264648,14.221711158752441,18.30228614807129,13.544288635253906,19.598926544189453,0.17777004837989807,0.11473550647497177,0.3410322368144989,0.4112134873867035,0.17888543009757996,0.0341932438313961,0.09810170531272888,0.19115208089351654,0.13728713989257812,0.356766939163208,0.19369885325431824,0.09941395372152328
trumpet,Track3_trumpet.wav,0.10000001639127731,0.2568707482993197,58.866859436035156,80.74951171875,3.59999999928,4692.673237885641,370.7459653987478,4706.943602378494,2617.998721033512,56.571605760259445,2630.57808475606,7910.9100341796875,510.3099917657786,7762.7197265625,0.0010086423717439175,0.0012930583907291293,0.0006003460730426013,2.440092086791992,1.2577543258666992,2.125352382659912,0.2432522243923611,0.04513589684033319,0.23828125,29.131206707696855,15.675670149973715,30.871101096588763,-330.0904846191406,34.82991027832031,-109.22603607177734,13.686450004577637,-44.29808807373047,11.666895866394043,-21.849058151245117,10.183232307434082,-10.572224617004395,11.93642520904541,2.9327335357666016,9.22370719909668,9.52482795715332,8.660246849060059,14.426202774047852,14.87952995300293,-1.1702748537063599,24.726242065429688,-4.129239082336426,16.81228256225586,-11.259641647338867,21.528554916381836,3.7377638816833496,20.176631927490234,3.617370128631592,22.572071075439453,0.2307802438735962,0.3043074905872345,0.08690263330936432,0.07013467699289322,0.10523127019405365,0.4208329916000366,0.06854326277971268,0.06978309899568558,0.13058078289031982,0.1421736627817154,0.3508960008621216,0.08282926678657532
trumpet,Track4_trumpet.wav,0.10000000149011612,0.02929705215419501,56.855987548828125,117.45383522727273,2.7999999994399998,5004.2068267861,321.02617676175026,4855.9111230214785,2643.477325345034,59.40579527676359,2635.6135282929536,7949.739583333333,396.514586982057,8193.3837890625,0.00093357905279845,0.0014548260951414704,0.0005603694007731974,2.411496162414551,1.1145527362823486,2.2853755950927734,0.26076479311342593,0.04741838285621639,0.2431640625,29.30066928958574,15.351603103856174,31.228606788460894,-332.35687255859375,24.57200813293457,-108.14219665527344,8.411537170410156,-32.722564697265625,10.6068696975708,-12.80251407623291,9.624610900878906,3.087128162384033,13.316789627075195,14.764100074768066,6.001697063446045,12.44234561920166,6.480540752410889,2.181476354598999,10.818974494934082,-15.685559272766113,17.90672492980957,-6.191605567932129,30.21263313293457,0.484660267829895,11.56417179107666,16.01332664489746,21.077632904052734,2.4642488956451416,12.669876098632812,0.04994824528694153,0.04751477763056755,0.33535388112068176,0.5794754028320312,0.08962397277355194,0.06155829876661301,0.04709109663963318,0.08410850912332535,0.27288588881492615,0.1566643863916397,0.18045827746391296,0.0352872833609581
trumpet,Track5_trumpet.wav,0.10000000149011612,0.03473922902494331,54.59549331665039,123.046875,3.39999999932,4551.092957607012,285.34818464487654,4640.597266036735,2608.288007618083,56.573848198751634,2625.241365196187,7682.668050130208,374.4172823875889,7493.5546875,0.001115619670599699,0.0015148650854825974,0.0006532944971695542,2.4301295280456543,1.1841477155685425,2.197120189666748,0.21870252821180555,0.028773571277239816,0.22314453125,29.537914754036517,14.801297152728752,30.9420469978546,-320.2211608886719,27.542856216430664,-100.87589263916016,9.96518611907959,-40.49544143676758,8.094474792480469,-21.313199996948242,4.155153274536133,-12.854079246520996,7.858902454376221,2.3490846157073975,9.596433639526367,11.50687026977539,7.953557968139648,19.547380447387695,10.889961242675781,0.2922750413417816,23.70751190185547,-10.00600814819336,19.2437744140625,-16.43997573852539,11.700430870056152,6.725162506103516,24.314613342285156,2.668119192123413,14.066973686218262,0.03485972434282303,0.0585860051214695,0.39345991611480713,0.34796756505966187,0.0616183802485466,0.14499853551387787,0.11144212633371353,0.0470135472714901,0.07561704516410828,0.17996053397655487,0.43394187092781067,0.17348521947860718
trumpet,Track6_trumpet.wav,0.09999998658895493,0.03700680272108844,50.70022201538086,117.45383522727273,3.9999999992,4010.1526558093215,413.97365223050076,3868.609283950773,2492.8863451507186,134.16931955019993,2458.572692855486,7171.952311197917,737.9233605850183,7030.5908203125,0.0011466180440038443,0.00141124427318573,0.0006880008731968701,2.4484446048736572,1.1084272861480713,2.1692051887512207,0.18488000940393517,0.03459485492898719,0.18115234375,31.070685826766283,13.637211999084158,31.388506030863894,-304.3605651855469,27.98952293395996,-85.98507690429688,17.447256088256836,-46.086551666259766,6.6322245597839355,-21.679149627685547,7.153092384338379,-24.419160842895508,3.8910539150238037,-5.937576770782471,4.06089973449707,-7.685317516326904,11.937630653381348,9.149086952209473,13.38215446472168,11.560540199279785,9.73757266998291,17.022525787353516,23.613014221191406,-3.681879758834839,25.16521453857422,0.8381325006484985,8.793591499328613,-8.301703453063965,19.914783477783203,0.2653968930244446,0.24334780871868134,0.1536199301481247,0.049577727913856506,0.034780070185661316,0.08621702343225479,0.5201345086097717,0.393854558467865,0.04995443671941757,0.023953847587108612,0.09662346541881561,0.2800111472606659
trumpet,Track7_trumpet.wav,0.09999999403953552,0.03015873015873016,52.257667541503906,123.046875,4.19999999916,3404.6541536206387,334.5073436027538,3447.392852851579,2273.245609299756,126.51302596850128,2267.193104273053,6018.8791910807295,683.8050857289062,6126.1962890625,0.0012307566357776523,0.0014511358458548784,0.000696722068823874,2.519753932952881,1.1390674114227295,2.2106826305389404,0.17354103370949073,0.023029792060479806,0.16943359375,30.91594594932379,13.566511293478504,31.168940945448043,-284.1660461425781,22.24685287475586,-62.39817810058594,15.500823020935059,-53.746192932128906,11.87328815460205,-12.480573654174805,7.763542175292969,-27.746410369873047,6.5175862312316895,-9.04605770111084,5.88893985748291,-20.532737731933594,6.9857869148254395,-8.506800651550293,11.668861389160156,-2.3949642181396484,18.297712326049805,16.939512252807617,21.328609466552734,9.476753234863281,13.173378944396973,19.03470230102539,12.4678373336792,4.014698505401611,23.75522804260254,0.20036210119724274,0.09941768646240234,0.4386267364025116,0.2749338448047638,0.08030174672603607,0.1734084039926529,0.1234705001115799,0.4693340063095093,0.08210339397192001,0.12941902875900269,0.12235027551651001,0.09297995269298553
trumpet,Track8_trumpet.wav,0.10000000149011612,0.029387755102040815,,123.046875,3.9999999992,3418.228960647308,279.08557452101235,3382.8530470778423,2258.5009453705916,145.40649638121172,2275.090323169219,6070.269775390625,626.4380411969054,5932.3974609375,0.0011120566632598639,0.0013939945492893457,0.0007227479945868254,2.4506947994232178,1.0529911518096924,2.1711678504943848,0.1587818287037037,0.02828284409950934,0.1572265625,31.57891787694053,13.783635582047014,31.211939075815756,-283.16119384765625,20.794719696044922,-61.885108947753906,15.327980041503906,-53.655548095703125,14.088404655456543,-11.803261756896973,6.4482269287109375,-29.681081771850586,6.611793518066406,-9.898062705993652,5.4866943359375,-22.773576736450195,8.617737770080566,-7.614229679107666,11.153939247131348,-3.761892318725586,18.020248413085938,17.97245216369629,20.362781524658203,11.54417610168457,15.132440567016602,15.671380043029785,15.306190490722656,-1.5425934791564941,17.728849411010742,0.0872829407453537,0.0543275810778141,0.23206813633441925,0.10073772817850113,0.4974135756492615,0.2911030352115631,0.0930248573422432,0.3418901860713959,0.1542920023202896,0.1108628436923027,0.19241438806056976,0.2892449200153351
trumpet,Track9_trumpet.wav,0.10000000149011612,0.049206349206349205,50.624122619628906,123.046875,3.59999999928,4196.533900569532,527.7212033920223,4086.7763980323653,2504.274011847792,119.56357160033627,2534.8878254802958,7127.888997395833,604.8562059581927,7326.67236328125,0.0010962672531604767,0.001498727360740304,0.0006176118622533977,2.441452980041504,1.1473337411880493,2.186039686203003,0.19878020109953703,0.04325577861851234,0.19970703125,30.5229244136906,14.410639820365354,31.396200970872016,-313.80743408203125,32.416595458984375,-90.29461669921875,14.132091522216797,-44.10302734375,9.498093605041504,-20.527555465698242,5.220402240753174,-19.102937698364258,11.639339447021484,-1.2110536098480225,10.428925514221191,-2.0649428367614746,15.242029190063477,7.282354354858398,11.483519554138184,0.44467318058013916,22.391382217407227,8.528024673461914,28.55559730529785,4.1791205406188965,14.396736145019531,13.709400177001953,15.282060623168945,-9.396394729614258,13.99203109741211,0.13181684911251068,0.05332173407077789,0.25926119089126587,0.39303699135780334,0.09197164326906204,0.26946914196014404,0.09402675926685333,0.25864851474761963,0.15427614748477936,0.12370828539133072,0.23195993900299072,0.07866770774126053
